[
  {
    "id": "ad111ec9-d24b-481f-a925-bda58db0add9",
    "data": [
      {
        "text": "About Time.H",
        "userDefined": false
      }
    ],
    "isTemplate": false,
    "count": 0,
    "updated": 0
  },
  {
    "id": "ee0f891a-d4b4-44e4-8605-a1a07ae8de06",
    "data": [
      {
        "text": "About me",
        "userDefined": false
      }
    ],
    "isTemplate": false,
    "count": 0,
    "updated": 0
  },
  {
    "id": "a3d56399-2945-4938-ab0f-9076975fcc92",
    "data": [
      {
        "text": "Who is developer of this app",
        "userDefined": false
      }
    ],
    "isTemplate": false,
    "count": 0,
    "updated": 0
  },
  {
    "id": "76a37ea3-c856-4005-8cba-e3833d70b601",
    "data": [
      {
        "text": "How can I contribute to it",
        "userDefined": false
      }
    ],
    "isTemplate": false,
    "count": 0,
    "updated": 0
  },
  {
    "id": "17a81df2-2f68-4c8f-873f-f2ff734464e8",
    "data": [
      {
        "text": "which API Do you use",
        "userDefined": false
      }
    ],
    "isTemplate": false,
    "count": 0,
    "updated": 0
  },
  {
    "id": "627befde-7873-435f-b55c-8e6c35b58412",
    "data": [
      {
        "text": "Who you are",
        "userDefined": false
      }
    ],
    "isTemplate": false,
    "count": 0,
    "updated": 0
  },
  {
    "id": "4e105ccd-f07a-4420-a998-7c78584dfaaf",
    "data": [
      {
        "text": "Tell me about yourself",
        "userDefined": false
      }
    ],
    "isTemplate": false,
    "count": 0,
    "updated": 0
  }
]