[
  {
    "id": "2ea4aa89-52fa-46e3-8e99-2a9eb05be3e9",
    "data": [
      {
        "text": "exit",
        "userDefined": false
      }
    ],
    "isTemplate": false,
    "count": 0,
    "updated": 0
  },
  {
    "id": "abf97e80-2aaf-4e04-9905-9c1b167f7b63",
    "data": [
      {
        "text": "Go back",
        "userDefined": false
      }
    ],
    "isTemplate": false,
    "count": 0,
    "updated": 0
  },
  {
    "id": "ea211180-ac80-48a1-853e-1114e82e52c6",
    "data": [
      {
        "text": "Stop this",
        "userDefined": false
      }
    ],
    "isTemplate": false,
    "count": 0,
    "updated": 0
  },
  {
    "id": "c0bac3d5-5f2f-42b5-a013-0abf9bdc5838",
    "data": [
      {
        "text": "Quit",
        "userDefined": false
      }
    ],
    "isTemplate": false,
    "count": 0,
    "updated": 0
  },
  {
    "id": "ae50ef1f-2dc7-486e-808a-7539ca467324",
    "data": [
      {
        "text": "Stop it",
        "userDefined": false
      }
    ],
    "isTemplate": false,
    "count": 0,
    "updated": 0
  },
  {
    "id": "4a558bd0-468b-41eb-b68d-2734aa39c50b",
    "data": [
      {
        "text": "Stop",
        "userDefined": false
      }
    ],
    "isTemplate": false,
    "count": 0,
    "updated": 0
  },
  {
    "id": "3595d68a-9959-4740-9cd4-247c0a32e11c",
    "data": [
      {
        "text": "End this",
        "userDefined": false
      }
    ],
    "isTemplate": false,
    "count": 0,
    "updated": 0
  }
]