[
  {
    "id": "c7e611b3-8a50-4661-96f5-ddc063d81b4e",
    "data": [
      {
        "text": "How to find contest on codechef",
        "userDefined": false
      }
    ],
    "isTemplate": false,
    "count": 0,
    "updated": 0
  },
  {
    "id": "375323da-afaf-4be7-aad2-1aa0872f777d",
    "data": [
      {
        "text": "How this app works",
        "userDefined": false
      }
    ],
    "isTemplate": false,
    "count": 0,
    "updated": 0
  },
  {
    "id": "f3e73cf8-a218-418c-8838-efa3b6200abe",
    "data": [
      {
        "text": "How to get contest details",
        "userDefined": false
      }
    ],
    "isTemplate": false,
    "count": 0,
    "updated": 0
  },
  {
    "id": "cbf24a42-3cdd-4af5-adb3-f65cd52ace47",
    "data": [
      {
        "text": "How to use this app",
        "userDefined": false
      }
    ],
    "isTemplate": false,
    "count": 0,
    "updated": 0
  },
  {
    "id": "fe75e70e-dec9-4bb7-9cdf-21a2809ac031",
    "data": [
      {
        "text": "How can you help me",
        "userDefined": false
      }
    ],
    "isTemplate": false,
    "count": 0,
    "updated": 0
  },
  {
    "id": "9f0c7c26-3928-4f41-b5ec-08c466b00717",
    "data": [
      {
        "text": "Help",
        "userDefined": false
      }
    ],
    "isTemplate": false,
    "count": 0,
    "updated": 0
  }
]