[
  {
    "id": "47b0df8d-3260-41c3-a52e-59af2b71a88b",
    "data": [
      {
        "text": "contest on ",
        "userDefined": false
      },
      {
        "text": "codechef",
        "alias": "pname",
        "meta": "@Coding_plateform",
        "userDefined": false
      }
    ],
    "isTemplate": false,
    "count": 0,
    "updated": 0
  },
  {
    "id": "2d6708cd-dd7a-4e2c-b3d4-33b4056229d4",
    "data": [
      {
        "text": "coding comptitions on ",
        "userDefined": false
      },
      {
        "text": "codechef",
        "alias": "pname",
        "meta": "@Coding_plateform",
        "userDefined": false
      }
    ],
    "isTemplate": false,
    "count": 0,
    "updated": 0
  },
  {
    "id": "fc31f223-e13e-4892-8bd3-d0a8e2a8a9a8",
    "data": [
      {
        "text": "can you help me to get the list of all upcoming contest on ",
        "userDefined": false
      },
      {
        "text": "codechef",
        "alias": "pname",
        "meta": "@Coding_plateform",
        "userDefined": true
      }
    ],
    "isTemplate": false,
    "count": 0,
    "updated": 0
  },
  {
    "id": "cff11f48-b728-4818-b18b-d4ed7e7f9d97",
    "data": [
      {
        "text": "upcomming contest on ",
        "userDefined": false
      },
      {
        "text": "codechef",
        "alias": "pname",
        "meta": "@Coding_plateform",
        "userDefined": false
      }
    ],
    "isTemplate": false,
    "count": 0,
    "updated": 0
  },
  {
    "id": "e7995913-b06c-4dc2-96a9-9fa4c7ee96e4",
    "data": [
      {
        "text": "list all the upcoming contest on ",
        "userDefined": false
      },
      {
        "text": "hackerrank",
        "alias": "pname",
        "meta": "@Coding_plateform",
        "userDefined": false
      }
    ],
    "isTemplate": false,
    "count": 0,
    "updated": 0
  },
  {
    "id": "53cb8367-103b-415b-a1a7-c03397cf52ae",
    "data": [
      {
        "text": "find out all the upcoming contest on ",
        "userDefined": false
      },
      {
        "text": "codeforces",
        "alias": "pname",
        "meta": "@Coding_plateform",
        "userDefined": false
      }
    ],
    "isTemplate": false,
    "count": 0,
    "updated": 0
  },
  {
    "id": "2a854877-8f84-40c7-bd81-4acc8ab0aa9f",
    "data": [
      {
        "text": "what are the upcoming contest on ",
        "userDefined": false
      },
      {
        "text": "leetcode",
        "alias": "pname",
        "meta": "@Coding_plateform",
        "userDefined": false
      }
    ],
    "isTemplate": false,
    "count": 0,
    "updated": 0
  },
  {
    "id": "35f4bcd6-0858-4dec-8d86-537b1073970a",
    "data": [
      {
        "text": "can you tell me upcoming contest on ",
        "userDefined": false
      },
      {
        "text": "hacker earth",
        "alias": "pname",
        "meta": "@Coding_plateform",
        "userDefined": false
      }
    ],
    "isTemplate": false,
    "count": 0,
    "updated": 0
  }
]