[
  {
    "value": "codechef.com",
    "synonyms": [
      "Code Chef",
      "Code chef",
      "CodeChef",
      "Codechef",
      "code Chef",
      "code chef",
      "codechef",
      "codechef.com"
    ]
  },
  {
    "value": "codeforces.com",
    "synonyms": [
      "code forces",
      "code forces .com",
      "codeforces",
      "codeforces.com"
    ]
  },
  {
    "value": "codingcompetitions.withgoogle.com",
    "synonyms": [
      "coding competitions with google",
      "codingcompetitions.withgoogle.com",
      "google",
      "withgoogle"
    ]
  },
  {
    "value": "facebook.com/hackercup",
    "synonyms": [
      "facebook",
      "facebook hackercup",
      "facebook.com/hackercup",
      "hacker cup",
      "hackercup"
    ]
  },
  {
    "value": "hackerearth.com",
    "synonyms": [
      "Hacker Earth",
      "Hacker earth",
      "HackerEarth",
      "Hackerearth"
    ]
  },
  {
    "value": "hackerrank.com",
    "synonyms": [
      "Hacker Rank",
      "hacker rank",
      "hackerrank",
      "hackerrank.com"
    ]
  },
  {
    "value": "leetcode.com",
    "synonyms": [
      "leet code",
      "leetcode",
      "leetcode.com",
      "litcode"
    ]
  },
  {
    "value": "spoj.com",
    "synonyms": [
      "spoj",
      "spoj.com",
      "spojdotcom"
    ]
  },
  {
    "value": "topcoder.com",
    "synonyms": [
      "top coder",
      "topCoder",
      "topcoder.com",
      "www.topcoder.com"
    ]
  },
  {
    "value": "uva.onlinejudge.org",
    "synonyms": [
      "uva",
      "uva judge",
      "uva online judge",
      "uva.onlinejudge.org"
    ]
  }
]